{"sounds": [], "materials": {"grnd": {"color": [0.8999999761581421, 0.8999999761581421, 0.8999999761581421], "glossiness": 0.0}, "monomer_cysteine_bonds": {"color": "Image1.png", "glossiness": 0.0}, "monomer_ribbon_chain1": {"color": [0.6000000238418579, 0.6000000238418579, 0.6000000238418579], "glossiness": 0.0}, "monomer_ribbon_chain1.helix1": {"color": [1.0, 0.0, 0.18447500467300415], "glossiness": 0.0}, "monomer_ribbon_chain2": {"color": [0.6000000238418579, 0.6000000238418579, 0.6000000238418579], "glossiness": 0.0}, "monomer_ribbon_chain1.sheet": {"color": [1.0, 0.5271152257919312, 0.0], "glossiness": 0.0}, "sky": {"color": "Image2.png", "glossiness": 0.0}, "monomer_ribbon_chain2.helix2": {"color": [1.0, 0.0, 0.18447500467300415], "glossiness": 0.0}, "monomer_ribbon_chain2.helix3": {"color": [1.0, 0.0, 0.18447500467300415], "glossiness": 0.0}}, "file_id": 7999904}