{"sounds": [["brook-pub-domain.mp3", [2.5255837440490723, -2.8679099082946777, 2.357085943222046]]], "file_id": 3060039, "materials": {"HA_patch_001": {"color": [0.3199999928474426, 0.5799999833106995, 0.25999999046325684], "glossiness": 0.0}, "HA_patch_002": {"color": [0.3199999928474426, 0.5799999833106995, 0.25999999046325684], "glossiness": 0.0}, "sky": {"color": [0.800000011920929, 0.800000011920929, 0.800000011920929], "glossiness": 0.0}, "Na_text": {"color": [1.0, 1.0, 1.0], "glossiness": 0.0}, "NA_patch": {"color": [0.3199999928474426, 0.3199999928474426, 0.49000000953674316], "glossiness": 0.0}, "HA_patch_007.001": {"color": [0.3199999928474426, 0.5799999833106995, 0.25999999046325684], "glossiness": 0.0}, "HA_patch_004": {"color": [0.3199999928474426, 0.5799999833106995, 0.25999999046325684], "glossiness": 0.0}, "NA_patch_002": {"color": [0.3199999928474426, 0.3199999928474426, 0.49000000953674316], "glossiness": 0.0}, "tube.006_inner": {"color": [0.3199999928474426, 0.3199999928474426, 0.49000000953674316], "glossiness": 0.0}, "tube.005_inner": {"color": [0.3199999928474426, 0.3199999928474426, 0.49000000953674316], "glossiness": 0.0}, "grnd": {"color": [0.6499999761581421, 0.38999998569488525, 0.38999998569488525], "glossiness": 0.0}, "tube.007_inner": {"color": [0.3199999928474426, 0.3199999928474426, 0.49000000953674316], "glossiness": 0.0}, "HA_patch_006": {"color": [0.3199999928474426, 0.5799999833106995, 0.25999999046325684], "glossiness": 0.0}, "HA_patch": {"color": [0.3199999928474426, 0.5799999833106995, 0.25999999046325684], "glossiness": 0.0}, "HA_patch_007": {"color": [0.3199999928474426, 0.5799999833106995, 0.25999999046325684], "glossiness": 0.0}, "tube.004_inner": {"color": [0.3199999928474426, 0.3199999928474426, 0.49000000953674316], "glossiness": 0.0}, "HA_patch_003": {"color": [0.3199999928474426, 0.5799999833106995, 0.25999999046325684], "glossiness": 0.0}, "HA_patch_008": {"color": [0.3199999928474426, 0.5799999833106995, 0.25999999046325684], "glossiness": 0.0}, "NA_patch_001": {"color": [0.3199999928474426, 0.3199999928474426, 0.49000000953674316], "glossiness": 0.0}, "HA_patch_005": {"color": [0.3199999928474426, 0.5799999833106995, 0.25999999046325684], "glossiness": 0.0}}}