{"materials": {"tube.005_inner": {"glossiness": 0.0, "color": [0.3199999928474426, 0.3199999928474426, 0.49000000953674316]}, "HA_patch_006": {"glossiness": 0.0, "color": [0.3199999928474426, 0.5799999833106995, 0.25999999046325684]}, "Na_text": {"glossiness": 0.0, "color": [1.0, 1.0, 1.0]}, "NA_patch": {"glossiness": 0.0, "color": [0.3199999928474426, 0.3199999928474426, 0.49000000953674316]}, "HA_patch_008": {"glossiness": 0.0, "color": [0.3199999928474426, 0.5799999833106995, 0.25999999046325684]}, "NA_patch_001": {"glossiness": 0.0, "color": [0.3199999928474426, 0.3199999928474426, 0.49000000953674316]}, "tube.006_inner": {"glossiness": 0.0, "color": [0.3199999928474426, 0.3199999928474426, 0.49000000953674316]}, "HA_patch_005": {"glossiness": 0.0, "color": [0.3199999928474426, 0.5799999833106995, 0.25999999046325684]}, "HA_patch_004": {"glossiness": 0.0, "color": [0.3199999928474426, 0.5799999833106995, 0.25999999046325684]}, "grnd": {"glossiness": 0.0, "color": [0.6499999761581421, 0.38999998569488525, 0.38999998569488525]}, "HA_patch_007.001": {"glossiness": 0.0, "color": [0.3199999928474426, 0.5799999833106995, 0.25999999046325684]}, "NA_patch_002": {"glossiness": 0.0, "color": [0.3199999928474426, 0.3199999928474426, 0.49000000953674316]}, "HA_patch_002": {"glossiness": 0.0, "color": [0.3199999928474426, 0.5799999833106995, 0.25999999046325684]}, "HA_patch_001": {"glossiness": 0.0, "color": [0.3199999928474426, 0.5799999833106995, 0.25999999046325684]}, "tube.004_inner": {"glossiness": 0.0, "color": [0.3199999928474426, 0.3199999928474426, 0.49000000953674316]}, "HA_patch_003": {"glossiness": 0.0, "color": [0.3199999928474426, 0.5799999833106995, 0.25999999046325684]}, "HA_patch": {"glossiness": 0.0, "color": [0.3199999928474426, 0.5799999833106995, 0.25999999046325684]}, "tube.007_inner": {"glossiness": 0.0, "color": [0.3199999928474426, 0.3199999928474426, 0.49000000953674316]}, "HA_patch_007": {"glossiness": 0.0, "color": [0.3199999928474426, 0.5799999833106995, 0.25999999046325684]}, "sky": {"glossiness": 0.0, "color": [0.800000011920929, 0.800000011920929, 0.800000011920929]}}, "file_id": 9532329, "sounds": [["brook-pub-domain.mp3", [2.5255837440490723, -2.8679099082946777, 2.357085943222046]]]}