{"Suzanne": {"color": "Image1.jpg", "glossiness": 1.0}, "sky": {"color": "Image1.jpg", "glossiness": 0.0}, "Cube": {"color": [0.042786143720149994, 0.8000001907348633, 0.7232446670532227], "glossiness": 0.8638888597488403}, "Suzanne2": {"color": "Image1.jpg", "glossiness": 1.0}, "grnd": {"color": [0.029992999508976936, 0.800000011920929, 0.5029410123825073], "glossiness": 0.0}}