{"file_id": 5371116, "sounds": [], "materials": {"ligand_A.obj": {"color": [0.7000001072883606, 0.7000001072883606, 0.7000001072883606], "glossiness": 0.0}, "protein_quicksurf_A.obj": {"color": [0.5, 0.5, 0.75], "glossiness": 0.0}, "ligand_A_heavy_metals.obj": {"color": [0.6499999761581421, 0.38999998569488525, 0.38999998569488525], "glossiness": 0.0}, "grnd": {"color": [0.800000011920929, 0.800000011920929, 0.800000011920929], "glossiness": 0.0}, "sky": {"color": [0.565617024898529, 0.8152700066566467, 1.0], "glossiness": 0.0}}}